{
  "avg_polyline_points_clean": 13.414814814814815,
  "avg_polyline_points_raw": 70.69590643274854,
  "clean_edge_count": 135,
  "clean_node_count": 127,
  "connected_components_clean": 16,
  "connected_components_raw": 70,
  "endpoint_count_clean": 56,
  "endpoint_count_raw": 116,
  "junction_count_clean": 71,
  "junction_count_raw": 122,
  "long_edge_fraction": 0.9416733012291398,
  "long_edge_length_px": 12795.708853316175,
  "long_edge_threshold_px": 30.0,
  "median_edge_length_clean": 40.63352940771241,
  "median_edge_length_raw": 32.31370849898476,
  "raw_edge_count": 171,
  "raw_node_count": 238,
  "sanity_flags": {},
  "top_20_edge_lengths": [
    848.4873213881148,
    846.1476259965791,
    803.9389156213642,
    802.5755417078556,
    438.67457012983436,
    392.861950624237,
    331.7683257835817,
    288.1507850603287,
    285.63883625326656,
    283.66297230488186,
    271.95564229939515,
    268.76559733784666,
    261.38197646375,
    250.71064566338035,
    245.03290415479964,
    235.40134767683534,
    217.01380123464273,
    209.79593851265892,
    203.74856616188617,
    195.54229261772468
  ],
  "total_edge_length_px": 13588.267647191753
}