{
  "dt_max": 4.99688720703125,
  "percentiles": {
    "p25": 2.0,
    "p50": 2.0,
    "p75": 2.1968994140625,
    "p90": 2.79998779296875,
    "p95": 3.0,
    "p99": 3.200899362564087
  },
  "sample_count": 5000,
  "stroke_radius_px": 2.0,
  "stroke_width_px": 4.0
}